2,https://upload.wikimedia.org/wikipedia/commons/0/0b/Cat_poster_1.jpg
3,https://upload.wikimedia.org/wikipedia/commons/thumb/3/3a/Cat03.jpg/1200px-Cat03.jpg
4,https://media.npr.org/assets/img/2021/08/11/gettyimages-1279899488_wide-f3860ceb0ef19643c335cb34df3fa1de166e2761-s1100-c50.jpg
5,https://upload.wikimedia.org/wikipedia/commons/b/b1/VAN_CAT.png
6,https://static01.nyt.com/images/2021/09/14/science/07CAT-STRIPES/07CAT-STRIPES-mediumSquareAt3X-v2.jpg
7,https://icatcare.org/app/uploads/2018/07/Thinking-of-getting-a-cat.png
8,https://upload.wikimedia.org/wikipedia/commons/4/4d/Cat_November_2010-1a.jpg
9,https://www.rd.com/wp-content/uploads/2021/01/GettyImages-1175550351.jpg
10,https://www.thesprucepets.com/thmb/hThcFCxT20ql0opGe4B8WGICbc4=/1851x1851/smart/filters:no_upscale()/cat-talk-eyes-553942-hero-df606397b6ff47b19f3ab98589c3e2ce.jpg
11,"https://media.wired.co.uk/photos/60c8730fa81eb7f50b44037e/3:2/w_3329,h_2219,c_limit/1521-WIRED-Cat.jpeg"
12,https://icatcare.org/app/uploads/2018/06/Layer-1704-1920x840.jpg
13,https://hips.hearstapps.com/hmg-prod.s3.amazonaws.com/images/close-up-of-cat-wearing-sunglasses-while-sitting-royalty-free-image-1571755145.jpg
14,"https://www.treehugger.com/thmb/HCoAfo2u5p-mJBJTk7wNlxJfrUg=/6240x4160/filters:fill(auto,1)/kittybluebackground-9970cd8fb6de422a93cc0456add38704.JPG"
15,https://i.natgeofe.com/n/9135ca87-0115-4a22-8caf-d1bdef97a814/75552_16x9.jpg
16,"https://hips.hearstapps.com/hmg-prod/images/domestic-cat-lies-in-a-basket-with-a-knitted-royalty-free-image-1592337336.jpg?crop=1.00xw:0.752xh;0,0.0938xh&resize=1200:*"
17,https://i.guim.co.uk/img/media/c5e73ed8e8325d7e79babf8f1ebbd9adc0d95409/2_5_1754_1053/master/1754.jpg?width=1200&height=1200&quality=85&auto=format&fit=crop&s=b6ba011b74a9f7a5c8322fe75478d9df
18,https://img.webmd.com/dtmcms/live/webmd/consumer_assets/site_images/article_thumbnails/other/cat_relaxing_on_patio_other/1800x1200_cat_relaxing_on_patio_other.jpg
19,"https://c.ndtvimg.com/2020-08/h5mk7js_cat-generic_625x300_28_August_20.jpg?im=Resize=(1230,900)"
20,https://catadoptionteam.org/wp-content/uploads/2019/05/Transparent-OrangeWhiteCat-764x1024.png
21,https://i.ytimg.com/vi/Ii8h7DCIcMo/maxresdefault.jpg
22,https://th-thumbnailer.cdn-si-edu.com/bZAar59Bdm95b057iESytYmmAjI=/1400x1050/filters:focal(594x274:595x275)/https://tf-cmsv2-smithsonianmag-media.s3.amazonaws.com/filer/95/db/95db799b-fddf-4fde-91f3-77024442b92d/egypt_kitty_social.jpg
23,https://www.helpguide.org/wp-content/uploads/man-in-bed-cradling-cat.jpg
24,https://www.bostonglobe.com/resizer/wH2V7gDoYajO_y7xDsX3aDljG2E=/arc-anglerfish-arc2-prod-bostonglobe/public/FVXNEGXMJZDZTMWQRAJDIO63YE.jpeg
25,https://cdn.shopify.com/s/files/1/1788/4235/files/PPF-BlogUpdate-Thumbs_0041_42_Cat-Stages.jpg
26,https://idsb.tmgrup.com.tr/ly/uploads/images/2021/09/08/thumbs/800x531/142774.jpg
27,https://i.natgeofe.com/n/3861de2a-04e6-45fd-aec8-02e7809f9d4e/02-cat-training-NationalGeographic_1484324_3x4.jpg
28,https://cdn.britannica.com/22/206222-131-E921E1FB/Domestic-feline-tabby-cat.jpg
29,"https://imageio.forbes.com/specials-images/imageserve/6082931ef598a85b055afe77/0x0.jpg?format=jpg&crop=3475,1955,x0,y182,safe&fit=crop"
30,https://images.theconversation.com/files/443350/original/file-20220131-15-1ndq1m6.jpg?ixlib=rb-1.1.0&rect=0%2C0%2C3354%2C2464&q=45&auto=format&w=926&fit=clip
31,https://static.scientificamerican.com/sciam/cache/file/9CAE9C60-8BC5-4CA3-95C180EFACDD99FD_source.jpg
32,"https://assets.petco.com/petco/image/upload/f_auto,q_auto/category-cat-food-img-092220-330w-330h"
33,https://static.independent.co.uk/2021/06/16/08/newFile-4.jpg?quality=75&width=982&height=726&auto=webp
34,https://www.purina.co.uk/sites/default/files/2020-12/Understanding%20Your%20Cat%27s%20Body%20LanguageHERO.jpg
35,https://static.scientificamerican.com/sciam/cache/file/32665E6F-8D90-4567-9769D59E11DB7F26_source.jpg
36,https://www.hartz.com/wp-content/uploads/2021/10/seven-steps-to-toilet-train-cat-1.jpg
37,https://cdn.britannica.com/25/172925-050-DC7E2298/black-cat-back.jpg
38,https://www.alleycat.org/wp-content/uploads/2021/02/344x361_FoundACat.jpg
39,https://cdn.mos.cms.futurecdn.net/VSy6kJDNq2pSXsCzb6cvYF.jpg
40,https://www.history.com/.image/ar_16:9%2Cc_fill%2Ccs_srgb%2Cfl_progressive%2Cq_auto:good%2Cw_1200/MTg0NTEzNzgyNTMyNDE2OTk5/black-cat-gettyimages-901574784.jpg
41,https://s.w-x.co/in-cat_in_glasses.jpg
42,https://cdn.vox-cdn.com/thumbor/UN5ODxKiaiDJjUB2lja1G3yLhx0=/1400x788/filters:format(jpeg)/cdn.vox-cdn.com/uploads/chorus_asset/file/22438301/fake_cats.jpg
43,https://www.thespruce.com/thmb/K5hPmjBFExtXQad2dNBU6NOpTVk=/5206x2928/smart/filters:no_upscale()/cat-repellents-to-keep-cats-out-of-your-yard-2132573-hero-23591eb06a8f4c909238657db9fbfb4e.jpg
44,https://i.natgeofe.com/n/f0dccaca-174b-48a5-b944-9bcddf913645/01-cat-questions-nationalgeographic_1228126_3x4.jpg
45,https://cdn.theatlantic.com/thumbor/44PpR3XR0dpg8VHqNIIk87JGmmY=/0x0:4897x2755/960x540/media/img/mt/2021/07/GettyImages_473437806_copy/original.jpg
46,https://www.americanhumane.org/app/uploads/2016/08/animals-cats-cute-45170-min.jpg
47,https://www.humanesociety.org/sites/default/files/styles/1240x698/public/2018/06/cat-217679.jpg?h=c4ed616d&itok=3qHaqQ56
48,https://cdn.vox-cdn.com/thumbor/WDYEciOUWFz_PvWt-LyhaYeSEyo=/0x0:1548x1024/1400x1050/filters:focal(693x458:939x704):no_upscale()/cdn.vox-cdn.com/uploads/chorus_image/image/65936299/cats4.0.jpg
49,https://www.prestigeanimalhospital.com/sites/default/files/interesting-cat-facts.jpg
50,"https://media-cldnry.s-nbcnews.com/image/upload/t_social_share_1200x630_center,f_auto,q_auto:best/newscms/2021_17/1707940/zombiecat-reclining-jr-main-210426.jpg"
51,https://www.purina.co.uk/sites/default/files/2021-01/Article%20Hero-%20cat%20health.jpg
52,https://www.fearfreehappyhomes.com/wp-content/uploads/2020/08/shutterstock_707431309-e1554172878508.jpg
53,https://cdn.thewirecutter.com/wp-content/media/2021/03/adopting-a-cat-2048px-06052.jpg?auto=webp&quality=60&crop=1.91:1&width=1200
54,https://www.sciencealert.com/images/2021-07/processed/CatWearingMedicalFaceMaskWhileSittingOnCouch_1024.jpg
55,https://nutrisourcepetfoods.com/wp-content/uploads/2021/12/cat-yowl.-.jpg
56,https://www.wate.com/wp-content/uploads/sites/42/2022/02/Ebi-went-missing-eight-years-ago-going-to-Knoxville-on-2-16-22.jpg?w=960
57,https://d3544la1u8djza.cloudfront.net/APHI/Blog/2021/04-19/brown+and+white+tabby+cat+licking+his+paw-min.jpg
58,https://media.npr.org/assets/img/2021/08/17/gettyimages-135773550-bb02ff79dd836d6e4170d4bc555423f24fa29d5e.jpg
59,https://icatcare.org/app/uploads/2018/10/What-is-a-cat.png
60,https://catadoptionteam.org/wp-content/uploads/2021/07/Homepage-MiddleBox-768x512.jpg
61,https://www.mcgill.ca/oss/files/oss/styles/hd/public/cute-3281819_1920.jpg?itok=1tLaIhp2&timestamp=1569533232
62,https://th-thumbnailer.cdn-si-edu.com/wVkY4ktA-0JvRsuh8EASm6NoSNs=/1000x750/filters:no_upscale():focal(978x630:979x631)/https://tf-cmsv2-smithsonianmag-media.s3.amazonaws.com/filer/db/82/db8234fc-f167-4285-82bd-123d035e32ad/cats.jpg
63,"https://www.treehugger.com/thmb/6L9fqLaIt1e4p0_t1KruzzwugMg=/3552x2217/filters:fill(auto,1)/GettyImages-593450425-5176c57c7b77417f9dd01dfb43827e7b.jpg"
64,https://img.webmd.com/dtmcms/live/webmd/consumer_assets/site_images/article_thumbnails/slideshows/is_my_cat_normal_slideshow/1800x1200_is_my_cat_normal_slideshow.jpg
65,https://www.petmd.com/sites/default/files/styles/article_image/public/orange-tabby-kitten-walking-across-floor.jpg?itok=ApRxY9_r
66,https://ychef.files.bbci.co.uk/976x549/p07ryyyj.jpg
67,https://d.newsweek.com/en/full/1920025/cat-its-mouth-open.jpg?w=1600&h=1200&q=88&f=e4241cd2c228c6e075a0ac0d54c8ef39
68,"https://www.thesprucepets.com/thmb/CfPJm47CnlJ8YFFlG8G2jg-jPF8=/2799x1866/filters:fill(auto,1)/guide-to-cat-eyes-552114-hero-75d820458de24543a35543a584b9eec6.jpg"
69,"https://media.newyorker.com/photos/590971712179605b11ad7a88/4:3/w_1787,h_1340,c_limit/Jabr-AreCatsDomesticated.jpg"
70,https://www.humanesociety.org/sites/default/files/styles/1240x698/public/2020-07/kitten-510651.jpg?h=f54c7448&itok=ZhplzyJ9
71,https://images.everydayhealth.com/images/pet-health/cs-pet-health-cat-exercises-1440x810.jpg?sfvrsn=2db4aa25_0
72,https://pyxis.nymag.com/v1/imgs/54c/950/eff84c687e50d533f210c2582ffd570142-31-cat-food.jpg
73,https://d17fnq9dkz9hgj.cloudfront.net/breed-uploads/2018/08/abyssinian-card-small.jpg?bust=1535664393
74,https://penntoday.upenn.edu/sites/default/files/2022-03/Cat-COVID.jpeg
75,https://imagesvc.meredithcorp.io/v3/mm/image?url=https%3A%2F%2Fstatic.onecms.io%2Fwp-content%2Fuploads%2Fsites%2F34%2F2019%2F10%2Fcat-with-catnip-getty-1019.jpg&q=60
76,https://cdn.theatlantic.com/thumbor/OgQgHFiqAd92pArI1zjmcUHjoSc=/144x0:2411x1700/1200x900/media/img/mt/2017/06/shutterstock_319985324/original.jpg
77,https://i.guim.co.uk/img/media/2b6917e42b3dfdde6562d916d69cecc587ff6bba/0_113_3500_2100/master/3500.jpg?width=1200&height=1200&quality=85&auto=format&fit=crop&s=d287604adc9d0c510cbc500f99f4df78
78,https://media-cldnry.s-nbcnews.com/image/upload/newscms/2021_26/3487828/210630-stock-cat-bed-ew-245p.jpg
79,https://arc-anglerfish-washpost-prod-washpost.s3.amazonaws.com/public/UFN7EHE2Z4I6ZGMHTXHO4YVD6Y.jpg
80,https://www.pumpkin.care/blog/wp-content/uploads/2020/08/Cat-Age-Chart-Hero-Opt1.jpg
81,https://c.files.bbci.co.uk/F00D/production/_121935416_d68a3cbd-75ac-4ac8-ab77-f663a5cf148f.jpg
82,https://cdn.mos.cms.futurecdn.net/KYEJp9vem3QQFGhi25SYx4-1200-80.jpg
83,https://images.news18.com/ibnlive/uploads/2021/08/1628396465_cat-people.jpg
84,https://icatcare.org/app/uploads/2018/07/Elderly-cats.png
85,https://images.hindustantimes.com/img/2022/02/22/1600x900/cat_reddit_video_tap_smart_human_1645499454248_1645499465502.PNG
86,https://news.northeastern.edu/wp-content/uploads/2021/04/042221_MM_John_Nehme_003.jpg
87,https://cdn.britannica.com/91/181391-050-1DA18304/cat-toes-paw-number-paws-tiger-tabby.jpg?q=60
88,https://d3544la1u8djza.cloudfront.net/APHI/Blog/2020/07-23/How+Much+Does+It+Cost+to+Have+a+Cat+_+ASPCA+Pet+Insurance+_+black+cat+with+yellow+eyes+peeking+out-min.jpg
89,https://images.theconversation.com/files/350865/original/file-20200803-24-50u91u.jpg?ixlib=rb-1.1.0&q=45&auto=format&w=1200&h=675.0&fit=crop
90,https://www.thetimes.co.uk/imageserver/image/%2Fmethode%2Ftimes%2Fprod%2Fweb%2Fbin%2F84e03f68-eef8-11eb-a2a3-afea84050239.jpg?crop=4246%2C2388%2C0%2C221&resize=1200
91,http://med.stanford.edu/content/dam/sm-news/images/2021/09/cat_by-Kateryna-T-Unsplash.jpg
92,https://cattalesinc.org/wp-content/uploads/slider2/DSC_0029-scaled.jpeg
93,https://catprogram.calpoly.edu/photos/cpcp/MAIN_TAB/home%20cat_2019-05-29_20=50=12_5cef52f4a44f2.jpg
94,https://s.abcnews.com/images/US/georgia-exotic-cat-serval-02-gty-llr-210702_1625335481406_hpMain_16x9_992.jpg
95,"https://images.immediate.co.uk/production/volatile/sites/4/2021/03/GettyImages-470640159-crop-832929a.jpg?quality=90&resize=768,574"
96,https://i.ytimg.com/vi/jH7e1fDcZnY/maxresdefault.jpg
97,https://health.clevelandclinic.org/wp-content/uploads/sites/3/2016/10/catScratch-YKL-092920-770x553-1.jpg
98,https://images.squarespace-cdn.com/content/v1/5c3d0a98506fbe24fe972977/1618257306997-DFKUSRZ0MYFB2TKLB3LH/unsplash-image-w12NAMymqnk.jpg?format=2500w
99,https://images.news18.com/ibnlive/uploads/2021/08/1628396465_cat-people.jpg
100,https://images.news18.com/ibnlive/uploads/2021/08/1628396465_cat-people.jpg
101,https://img.webmd.com/dtmcms/live/webmd/consumer_assets/site_images/article_thumbnails/slideshows/is_my_cat_normal_slideshow/1800x1200_is_my_cat_normal_slideshow.jpg
102,https://news.northeastern.edu/wp-content/uploads/2021/04/042221_MM_John_Nehme_003.jpg
103,https://news.northeastern.edu/wp-content/uploads/2021/04/042221_MM_John_Nehme_003.jpg
104,https://cdn.vox-cdn.com/thumbor/kfwIZLLS6F25fQ9ySMrwXGW1tRY=/1400x1400/filters:format(jpeg)/cdn.vox-cdn.com/uploads/chorus_asset/file/2449662/shutterstock_149489132.0.jpg
105,https://i2-prod.mirror.co.uk/incoming/article25979624.ece/ALTERNATES/s1200/0_SWNS_HUGE_CAT_02.jpg
106,https://i.cbc.ca/1.5256404.1566499707!/fileImage/httpImage/cat-behaviour.jpg
107,https://health.clevelandclinic.org/wp-content/uploads/sites/3/2016/10/catScratch-YKL-092920-770x553-1.jpg
108,https://health.clevelandclinic.org/wp-content/uploads/sites/3/2016/10/catScratch-YKL-092920-770x553-1.jpg
109,https://post.healthline.com/wp-content/uploads/2020/09/4609-cat-732x549-thumbnail.jpg
110,https://cattalesinc.org/wp-content/uploads/slider2/DSC_0029-scaled.jpeg
111,https://cattalesinc.org/wp-content/uploads/slider2/DSC_0029-scaled.jpeg
112,https://catprogram.calpoly.edu/photos/cpcp/MAIN_TAB/home%20cat_2019-05-29_20=50=12_5cef52f4a44f2.jpg
113,https://d3544la1u8djza.cloudfront.net/APHI/Blog/2020/07-23/How+Much+Does+It+Cost+to+Have+a+Cat+_+ASPCA+Pet+Insurance+_+black+cat+with+yellow+eyes+peeking+out-min.jpg
114,https://d3544la1u8djza.cloudfront.net/APHI/Blog/2020/07-23/How+Much+Does+It+Cost+to+Have+a+Cat+_+ASPCA+Pet+Insurance+_+black+cat+with+yellow+eyes+peeking+out-min.jpg
115,https://d1wn0q81ehzw6k.cloudfront.net/additional/thul/media/3e1ac1580aedbc91?w=400&h=400
116,https://static.wikia.nocookie.net/minecraft_gamepedia/images/d/d3/Siamese_Cat_JE3.png/revision/latest?cb=20210317194731
117,https://www.peta.org/wp-content/uploads/2017/11/iStock-805170532_absolutimages.jpg
118,https://cloudfront-us-east-2.images.arcpublishing.com/reuters/XNP4WBVHIBOPVM4OCZ34RP7HRA.jpg
119,https://images.ctfassets.net/cnu0m8re1exe/1GxSYi0mQSp9xJ5svaWkVO/d151a93af61918c234c3049e0d6393e1/93347270_cat-1151519_1280.jpg?fm=jpg&fl=progressive&w=660&h=433&fit=fill
120,https://cdn.mos.cms.futurecdn.net/KYEJp9vem3QQFGhi25SYx4-320-80.jpg
121,https://humanesocietytampa.org/wp-content/uploads/2020/09/HeaderImage_cat_adopt.jpg
122,https://www.aspca.org/sites/default/files/cat-care_general-cat-care_body1-right.jpg
123,https://vetmed.tamu.edu/news/wp-content/uploads/sites/9/2019/10/CatGrassPetTalk.png
124,https://static.independent.co.uk/2021/07/09/11/newFile-6.jpg?quality=75&width=982&height=726&auto=webp
125,https://i.ytimg.com/vi/qCkEoI2VauA/maxresdefault.jpg
126,https://www.rspca.org.uk/documents/1494939/0/what+to+do+with+stray+cats+and+kittens+%283%29.jpg/886bc0d5-1dc5-d2bf-eabd-473fd4d99886?t=1618404272031
127,https://www.trudellanimalhealth.com/sites/default/files/images/tmdi-cat-Tachypnea_1x.jpg
128,"https://media.newyorker.com/photos/590971712179605b11ad7a88/4:3/w_1787,h_1340,c_limit/Jabr-AreCatsDomesticated.jpg"
129,https://icatcare.org/app/uploads/2018/07/Elderly-cats.png
130,https://icatcare.org/app/uploads/2018/07/Elderly-cats.png
131,https://imageserver.petsbest.com/marketing/blog/cat-behavior-issues.jpg
132,https://todaysveterinarypractice.com/wp-content/uploads/sites/4/2020/12/TVP_JanFeb21_SpayNueterAge_MainImage.jpg
133,https://content.rollcall.com/wp-content/uploads/2022/01/AP_22028448872445.jpg
134,https://i.natgeofe.com/n/f0dccaca-174b-48a5-b944-9bcddf913645/01-cat-questions-nationalgeographic_1228126.jpg
135,https://wtop.com/wp-content/uploads/2021/12/Mr.20Sweetie20aka20Sergeant.png
136,https://www.mcgill.ca/oss/files/oss/styles/hd/public/cute-3281819_1920.jpg?itok=1tLaIhp2&timestamp=1569533232
137,https://www.mcgill.ca/oss/files/oss/styles/hd/public/cute-3281819_1920.jpg?itok=1tLaIhp2&timestamp=1569533232
138,"https://media-cldnry.s-nbcnews.com/image/upload/t_social_share_1024x768_scale,f_auto,q_auto:best/newscms/2019_39/3021711/190923-cat-pet-stock-cs-1052a.jpg"
139,https://www.ccspca.com/wp-content/uploads/2019/04/Is-Bathing-a-Cat-Really-Necessary-or-Just-a-Myth-in-Caring-for-Pets.png
140,https://www.washingtonian.com/wp-content/uploads/2020/10/Screen-Shot-2020-10-07-at-12.42.46-PM.png
141,https://arc-anglerfish-washpost-prod-washpost.s3.amazonaws.com/public/UFN7EHE2Z4I6ZGMHTXHO4YVD6Y.jpg
142,https://arc-anglerfish-washpost-prod-washpost.s3.amazonaws.com/public/UFN7EHE2Z4I6ZGMHTXHO4YVD6Y.jpg
143,https://images.squarespace-cdn.com/content/v1/5c3d0a98506fbe24fe972977/1618257306997-DFKUSRZ0MYFB2TKLB3LH/unsplash-image-w12NAMymqnk.jpg?format=2500w
144,https://images.squarespace-cdn.com/content/v1/5c3d0a98506fbe24fe972977/1618257306997-DFKUSRZ0MYFB2TKLB3LH/unsplash-image-w12NAMymqnk.jpg?format=2500w
145,https://imagesvc.meredithcorp.io/v3/mm/image?url=https%3A%2F%2Fstatic.onecms.io%2Fwp-content%2Fuploads%2Fsites%2F47%2F2021%2F01%2F26%2Fhiding-cat-364449059-2000.jpg
146,https://i.dailymail.co.uk/1s/2022/01/31/19/53601559-10461181-image-a-43_1643657786890.jpg
147,https://nationalzoo.si.edu/sites/default/files/animals/sandcat-002.jpg
148,https://www.pumpkin.care/blog/wp-content/uploads/2020/08/Cat-Age-Chart-Hero-Opt1.jpg?1647943338
149,https://images.immediate.co.uk/production/volatile/sites/4/2018/12/GettyImages-918529586-35c7227.jpg?quality=90&crop=61px%2C468px%2C7710px%2C3317px&resize=960%2C408
150,https://www.mercurynews.com/wp-content/uploads/2021/02/SGT-L-COL-PHS-0209.jpg
151,https://news.cgtn.com/news/77416a4e3145544d326b544d354d444d3355444f31457a6333566d54/img/37d598e5a04344da81c76621ba273915/37d598e5a04344da81c76621ba273915.jpg
152,https://www.nhm.ac.uk/content/dam/nhmwww/discover/wild-cats/pallas-cat-face-close-up-full-width.jpg
153,https://www.fearfreehappyhomes.com/wp-content/uploads/2020/08/HighFive08370-1568x1045.jpg
154,https://lookaside.fbsbx.com/lookaside/crawler/media/?media_id=1818557041655605
155,https://www.uniquelycats.com/blog/wp-content/uploads/2020/05/sad-cat-scaled-e1589284079297.jpeg
156,https://d17fnq9dkz9hgj.cloudfront.net/breed-uploads/2018/09/cat-landing-hero-lg.jpg?bust=1536935204&width=1080
157,https://www.comfortzone.com/-/media/Images/ComfortZone-NA/US/Blog/bl_necessarysuppliestohavebeforeyoubringyournewcathome_ts-637110224.png?h=450&la=en&w=721&hash=8CB8EEED1E8EE8BFD140C3120C94BB49A40FA0B0
158,https://penntoday.upenn.edu/sites/default/files/2022-03/Cat-COVID.jpeg
159,https://penntoday.upenn.edu/sites/default/files/2022-03/Cat-COVID.jpeg
160,https://upload.wikimedia.org/wikipedia/commons/c/c7/Tabby_cat_with_blue_eyes-3336579.jpg
161,https://media-cldnry.s-nbcnews.com/image/upload/rockcms/2022-01/willow-biden-kb-2x1-220128-010cff.jpg
162,https://files.elfsight.com/storage/f3856460-7cf2-46b4-8f84-aa45df317346/fe23753d-1b6e-4b24-aed1-11575f5533ce.png
163,https://www.pawschicago.org/fileadmin/_processed_/1/2/csm_PAWS_New_Site__50_of_201__70103c47cf.jpg
164,https://i.insider.com/5aa10ca0d877e618008b4678?width=700
165,https://www.catdocmaine.com/uploads/SiteAssets/232/images/home-rotate/cat-veterinary-care-portland.jpg
166,https://pasadenahumane.org/wp-content/uploads/2020/12/img-A495388-584325.jpeg
167,https://www.collinsdictionary.com/images/full/cat_156310937.jpg
168,https://i.insider.com/5e541ff7fee23d3db71d7af4?width=700
169,https://d3544la1u8djza.cloudfront.net/APHI/Blog/2020/10-22/What+Is+a+Bombay+Cat+_+Get+to+Know+This+Stunning+Breed+_+ASPCA+Pet+Health+Insurance+_+close-up+of+a+Bombay+cat+with+gold+eyes-min.jpg
170,https://hips.hearstapps.com/hmg-prod.s3.amazonaws.com/images/portrait-of-cat-sitting-on-sofa-at-home-royalty-free-image-1574708553.jpg
171,https://cdn.the-scientist.com/assets/articleNo/66400/aImg/33464/cat-paw-l.png
172,https://d1wn0q81ehzw6k.cloudfront.net/additional/thul/media/6dfd714b342b11fd?w=890&h=590&crop=1
173,https://www.fundacion-affinity.org/sites/default/files/los-10-sonidos-principales-del-gato-fa.jpg
174,"https://c.ndtvimg.com/2020-08/1cvf367_yellow-cat_625x300_25_August_20.jpg?im=Resize=(1230,900)"
175,https://post.healthline.com/wp-content/uploads/2020/08/9316-woman_cat_leg-1200x628-facebook-1200x628.jpg
176,https://cdn.thewirecutter.com/wp-content/media/2021/03/adopting-a-cat-2048px-06052-2x1-1.jpg?auto=webp&quality=75&crop=2:1&width=1024
177,https://spca.bc.ca/wp-content/uploads/white-cat-on-plaid-pillow-825x549.jpg
178,https://blog.nwf.org/wp-content/blogs.dir/11/files/2017/09/fullsizeoutput_3a4e.jpeg
179,https://media.istockphoto.com/photos/european-short-haired-cat-picture-id1072769156?k=20&m=1072769156&s=612x612&w=0&h=k6eFXtE7bpEmR2ns5p3qe_KYh098CVLMz4iKm5OuO6Y=
180,https://www.gannett-cdn.com/-mm-/735f994d042682a89f8a4f2fcfd5ea505f3dc1cd/c=0-127-2995-1819/local/-/media/2015/10/31/USATODAY/USATODAY/635818943680464639-103115cute-kitty.jpg?width=660&height=373&fit=crop&format=pjpg&auto=webp
181,https://www.aspca.org/sites/default/files/cat-care_destructive-scratching_main-image.jpg
182,https://live-production.wcms.abc-cdn.net.au/09fc4d971d2ae450966dd606be4d3587?impolicy=wcms_crop_resize&cropH=1365&cropW=2048&xPos=0&yPos=397&width=862&height=575
183,https://catiospaces.com/wp-content/uploads/2017/01/catio-spaces.jpg
184,https://images.indianexpress.com/2020/09/hunting-cat-1200.jpg
185,https://rappcats.org/wp-content/uploads/2021/07/front-page-about-cat.jpg
186,"https://dynaimage.cdn.cnn.com/cnn/c_fill,g_auto,w_1200,h_675,ar_16:9/https%3A%2F%2Fcdn.cnn.com%2Fcnnnext%2Fdam%2Fassets%2F220128045659-01-white-house-cat.jpeg"
187,https://imagesvc.meredithcorp.io/v3/mm/image?url=https%3A%2F%2Fstatic.onecms.io%2Fwp-content%2Fuploads%2Fsites%2F37%2F2021%2F03%2F15%2Fsiamese-cat-names.jpg
188,https://nationaltoday.com/wp-content/uploads/2020/08/international-cat-day.jpg
189,https://image.cnbcfm.com/api/v1/image/105828578-1554223245858gettyimages-149052633.jpeg?v=1554223281
190,https://media.kare11.com/assets/KARE/images/a05d72f6-1247-4573-9f68-4d91c7c1871d/a05d72f6-1247-4573-9f68-4d91c7c1871d_1920x1080.jpg
191,https://i.guim.co.uk/img/media/2b6917e42b3dfdde6562d916d69cecc587ff6bba/0_113_3500_2100/master/3500.jpg?width=1200&height=900&quality=85&auto=format&fit=crop&s=dcf874adb7bc889f6f7691cc710ca8f2
192,https://content.api.news/v3/images/bin/84945787e9d5c05f0aa63792a240f92e
193,https://images.squarespace-cdn.com/content/v1/554e744ce4b026a2b08ca248/1616167827865-P8S7ZAP6IAP1A79I3OJR/image-asset.jpeg?format=1000w
194,https://books-teneues.com/wp-content/uploads/2019/10/9783961712199_3.jpg
195,https://www.rspcapetinsurance.org.au/getattachment/1d38bbc7-a213-4b2e-b2eb-9246af080204/grooming-your-cat.aspx
196,https://image.shutterstock.com/image-photo/well-fed-fat-cat-sitting-260nw-1654690375.jpg
197,https://images.hindustantimes.com/rf/image_size_630x354/HT/p2/2020/04/30/Pictures/_70e9d6ee-8af0-11ea-8bae-d48e751bd032.jpeg
198,https://www.orlandocatcafe.com/wp-content/uploads/2020/07/12.png
199,https://www.orlandocatcafe.com/wp-content/uploads/2020/07/12.png
200,https://emojipedia-us.s3.amazonaws.com/social/emoji/cat.png
201,https://emojipedia-us.s3.amazonaws.com/social/emoji/cat.png
202,https://marvel-b1-cdn.bc0a.com/f00000000052994/www.hillspet.com/content/dam/cp-sites/hills/hills-pet/en_us/exported/pet-care/Skyword/images/the-gray-cat-with-green-eyes-lies-on-a-sofa-347812-ref.png
203,https://images.news18.com/ibnlive/uploads/2021/08/1628397369_cat-stereotypes.jpg
204,"https://hips.hearstapps.com/hmg-prod.s3.amazonaws.com/images/cute-cat-photos-1593441022.jpg?crop=0.669xw:1.00xh;0.166xw,0&resize=640:*"
205,https://media.istockphoto.com/photos/european-short-haired-cat-picture-id1072769156?k=20&m=1072769156&s=612x612&w=0&h=k6eFXtE7bpEmR2ns5p3qe_KYh098CVLMz4iKm5OuO6Y=
206,https://media.istockphoto.com/photos/european-short-haired-cat-picture-id1072769156?k=20&m=1072769156&s=612x612&w=0&h=k6eFXtE7bpEmR2ns5p3qe_KYh098CVLMz4iKm5OuO6Y=
207,https://thescoop.seattle.gov/wp-content/uploads/sites/20/2022/01/CuriousCat.png
208,https://s3.amazonaws.com/jo.www.bucket/neighborhoodcats/nodes/images/1844/default/Flynn_Rider_photo.jpg?1548904662
209,https://www.animalhospitalofspringfield.com/sites/default/files/styles/large/public/sphynx-cat-breed-info.jpg?itok=i0pNv4w5
210,"https://www.gannett-cdn.com/presto/2021/10/13/PDTF/75d37866-e827-4d4d-b6d8-b5a17df8e8a8-CaracalCats.jpg?crop=3428,1929,x0,y0&width=3200&height=1801&format=pjpg&auto=webp"
211,https://wgme.com/resources/media/9889e57c-b423-4244-8cef-442d04c8e3d1-medium16x9_ashes3.jpg?1644461554987
212,https://ychef.files.bbci.co.uk/976x549/p09dwglf.jpg
213,https://static.vets-now.com/uploads/2020/02/cat-2783601_1920-1270x847.jpg
214,https://images.newscientist.com/wp-content/uploads/2021/09/07151312/PRI_198391221.jpg
215,https://ewscripps.brightspotcdn.com/dims4/default/700356b/2147483647/strip/true/crop/0x0+0+0/resize/1280x720!/quality/90/?url=https%3A%2F%2Fwww.simplemost.com%2Fwp-content%2Fuploads%2F2019%2F06%2F81a3DDtjz8L._SL1500_-500x333.jpg
216,https://animals.sandiegozoo.org/sites/default/files/2020-08/black-footed.jpg
217,https://letstalkscience.ca/sites/default/files/2020-03/calico-cat.jpg
218,https://www.camdencounty.com/wp-content/uploads/2021/12/rabid-cat.jpg
219,https://s36537.pcdn.co/wp-content/uploads/2017/11/A-Siamese-cat.jpg.optimal.jpg
220,https://i.guim.co.uk/img/media/2b6917e42b3dfdde6562d916d69cecc587ff6bba/0_113_3500_2100/master/3500.jpg?width=1200&height=900&quality=85&auto=format&fit=crop&s=dcf874adb7bc889f6f7691cc710ca8f2
221,https://i.guim.co.uk/img/media/2b6917e42b3dfdde6562d916d69cecc587ff6bba/0_113_3500_2100/master/3500.jpg?width=1200&height=900&quality=85&auto=format&fit=crop&s=dcf874adb7bc889f6f7691cc710ca8f2
222,https://storage.googleapis.com/article-contents/media/2020/03/cat-4429808_960_720.jpg
223,https://imgs.mongabay.com/wp-content/uploads/sites/20/2022/02/17112031/13-endangered-Andean-mountain-cat-in-Argentina-1200x800.jpg
224,https://pyxis.nymag.com/v1/imgs/424/858/e6c66c3a1992e711bca0137b754fea749f-cat-law.rsquare.w700.jpg
225,https://images.ctfassets.net/440y9b545yd9/7jnBjgsgS8KFPqMZ9KW2lG/3ec550bbe9bbc1010b022c869b537074/cat-banner.png
226,https://today.tamu.edu/wp-content/uploads/2020/03/Cc-1180413342-scaled.jpg
227,https://parade.com/wp-content/uploads/2020/01/Cat-Puns-612x388.jpg
228,https://www.paws.org/wp-content/uploads/2019/08/20171123-DSC_7005-1024x614.jpg
229,https://www.alleycat.org/wp-content/uploads/2015/04/Facebook_Link_FeralorStray.jpg
230,https://imgix.bustle.com/uploads/image/2022/1/26/d3fb2c40-75cd-48c9-85d0-677417352930-gettyimages-1268630795.jpg?w=349&h=233&fit=max&auto=format%2Ccompress
231,https://m.media-amazon.com/images/M/MV5BOTA3NmU1NDMtYzcxMC00ZjI5LTllZWItYWI3MmZkNTE1ZTg0XkEyXkFqcGdeQW1hcmNtYW5u._V1_.jpg
232,https://www.pawcbd.com/media/mageplaza/blog/post/3/-/3-best-cat-blog-pawcbd.jpg
233,https://cdn.onemars.net/sites/whiskas_uk_75_2/image/addons/master_whiskas_rules_2017_10_130_1600760399833.jpeg
234,https://catfriendly.com/wp-content/uploads/2021/08/woman-with-cat-flip.jpg
235,http://www.goodnet.org/photos/620x0/32439_hd.jpg
236,https://image.shutterstock.com/image-photo/well-fed-fat-cat-sitting-260nw-1654690375.jpg
237,https://image.shutterstock.com/image-photo/well-fed-fat-cat-sitting-260nw-1654690375.jpg
238,https://www.liveabout.com/thmb/R0QeKESymn0KGHY2OPbL4oNzyXQ=/395x0/filters:no_upscale():max_bytes(150000):strip_icc()/cat-giving-finger-590355133df78c5456e78839.jpg
239,https://static.onecms.io/wp-content/uploads/sites/20/2021/04/04/apricot-1.jpg
240,https://www.sciencenewsforstudents.org/wp-content/uploads/2020/05/1030_LL_domestic_cats-1028x579.jpg
241,https://www.gannett-cdn.com/-mm-/b2b05a4ab25f4fca0316459e1c7404c537a89702/c=0-0-1365-768/local/-/media/2021/07/19/USATODAY/usatsports/imageForEntry27-tJS.jpg?width=1365&height=768&fit=crop&format=pjpg&auto=webp
242,https://i.insider.com/5e0f920d954bda5354419594?width=700
243,https://nationalzoo.si.edu/sites/default/files/animals/sandcat-001.jpg
244,https://upload.wikimedia.org/wikipedia/commons/b/bc/Juvenile_Ragdoll.jpg
245,https://www.bournemouthecho.co.uk/resources/images/13168036/?type=responsive-gallery
246,https://www.cdc.gov/healthypets/images/pets/woman-with-cat-asleep-medium.jpg?_=89350
247,https://images.unsplash.com/photo-1586164383881-d01525b539d6?ixlib=rb-1.2.1&ixid=MnwxMjA3fDB8MHxzZWFyY2h8MXx8Z2luZ2VyJTIwY2F0fGVufDB8fDB8fA%3D%3D&w=1000&q=80
248,https://images.unsplash.com/photo-1586164383881-d01525b539d6?ixlib=rb-1.2.1&ixid=MnwxMjA3fDB8MHxzZWFyY2h8MXx8Z2luZ2VyJTIwY2F0fGVufDB8fDB8fA%3D%3D&w=1000&q=80
249,https://api.time.com/wp-content/uploads/2019/12/CatFilterReaction.jpg
250,https://cloudfront-us-east-2.images.arcpublishing.com/reuters/3G7A2GKILJMQHIEYXXPTXCOQR4.jpg
251,https://cfa.org/wp-content/uploads/2020/02/Banner3.jpg
252,https://static.scientificamerican.com/sciam/cache/file/F1E90F3D-1FFD-4BA9-9DFA98AE647FA7D4_source.jpg
253,https://www.hillspet.com/content/dam/cp-sites/hills/hills-pet/en_us/img/article/striped-cat-looking-up-from-bowl.jpg
254,https://www.sciencealert.com/images/2020-10/processed/happycat_1024.jpg
255,https://scitechdaily.com/images/Cat-Wearing-COVID-19-Mask.jpg
256,https://cdn-prod.medicalnewstoday.com/content/images/articles/322/322716/relaxed-ginger-cat.jpg
257,https://www.orlandocatcafe.com/wp-content/uploads/2020/07/14.png
258,https://lookaside.fbsbx.com/lookaside/crawler/media/?media_id=3710402375639067
259,https://www.loc.gov/static/managed-content/uploads/sites/16/2018/09/cat_yoder.jpg
260,https://images.ctfassets.net/440y9b545yd9/4ZP0InpIOw3MPh2NFW9jM4/09f008f8c5608c7587effffbcf03e655/shutterstock_752719666__1_.jpg
261,https://image.cnbcfm.com/api/v1/image/100045946-787d732288531058dbe50e700568d263d03459ad.jpg?v=1352520949&w=720&h=405
262,https://gumlet.assettype.com/freepressjournal/2022-01/a21ff195-5e83-44ce-8197-93dbe659f898/Web_capture_19_1_2022_115320_twitter_com.jpeg?format=webp&w=400&dpr=2.6
263,https://img.republicworld.com/republic-prod/stories/images/15891675975eb8c5edf29a4.png
264,https://images.indianexpress.com/2020/12/indonesia-cat-fashion.jpg
265,https://www.gccfcats.org/wp-content/uploads/2021/09/caring-for-your-cat-2.jpg
266,https://www.telegraph.co.uk/content/dam/Pets/spark/royal-canin/cat-close-to-screen-xlarge.jpg?imwidth=1200
267,https://hips.hearstapps.com/hmg-prod.s3.amazonaws.com/images/large-cat-breed-1553197454.jpg
268,https://www.goodnet.org/photos/620x0/32444_hd.jpg
269,https://resc-files-prod.s3.us-west-1.amazonaws.com/s3fs-public/styles/large/public/2018-12/introducing-new-cat-to-family_2.jpg?VersionId=yo7IncqiZbcIBiRjUQEG375nEU3sicnP&itok=gNwsNXE2
270,https://www.rspca.org.uk/webContent/staticImages/Infographics/CatHappy1.jpg
271,https://i.ytimg.com/vi/pKiJhbqT5LI/maxresdefault.jpg
272,https://i.ytimg.com/vi/jH7e1fDcZnY/maxresdefault.jpg
273,https://i.ytimg.com/vi/jH7e1fDcZnY/maxresdefault.jpg
274,https://catfriendly.com/wp-content/uploads/2021/09/cat-vet.png
275,https://s36537.pcdn.co/wp-content/uploads/2018/01/A-sad-orange-ginger-cat-with-human-holding.jpg.optimal.jpg
276,https://images.newscientist.com/wp-content/uploads/2016/08/05172510/b5dbhp.jpg
277,https://i.natgeofe.com/n/f0dccaca-174b-48a5-b944-9bcddf913645/01-cat-questions-nationalgeographic_1228126.jpg
278,https://i.natgeofe.com/n/f0dccaca-174b-48a5-b944-9bcddf913645/01-cat-questions-nationalgeographic_1228126.jpg
279,https://www.rd.com/wp-content/uploads/2021/04/GettyImages-1218042637-scaled.jpg
280,https://www.trudellanimalhealth.com/sites/default/files/images/tmdi-cat-Play_2x.jpg
281,https://lh3.googleusercontent.com/DQj-gonAVTlhj5W7_DhBVmX-0P42rfvx8TSp1WfQeZ6iFIon6InIS8M4Nbqy7Ql5ahgEXSiRDiWD88v-bcPYIEAg3Q=w640-h400-e365-rj-sc0x00ffffff
282,https://media.vanityfair.com/photos/6221377f3b4f9b2db0035fa6/master/pass/615011264
283,https://icatcare.org/app/uploads/2018/10/What-is-a-cat.png
284,https://icatcare.org/app/uploads/2018/10/What-is-a-cat.png
285,https://th-thumbnailer.cdn-si-edu.com/qgKvD8vIYuDZpgPFF4D8CmfANSY=/1000x750/filters:no_upscale()/https://tf-cmsv2-smithsonianmag-media.s3.amazonaws.com/filer/fd/e7/fde77fde-700d-4a08-8e19-305a0de60130/5879116857_4ab170f4d5_b.jpg
286,https://wildcatconservation.org/wp-content/uploads/2020/06/Hamba-20191-A-Sliwa.jpg
287,https://www.vets4pets.com/siteassets/species/cat/close-up-of-cat.jpg?width=1040
288,https://cdn.vox-cdn.com/uploads/chorus_asset/file/22438416/cat.jpeg
289,https://s3-us-west-2.amazonaws.com/melingoimages/Images/14337.jpg
290,https://occ-0-2794-2219.1.nflxso.net/dnm/api/v6/9pS1daC2n6UGc3dUogvWIPMR_OU/AAAABTQ25_OTXbBGKzgaArIBwmCHLnMDhNfU--9jOVf8BJ8UEZYRL1c1cdoXc3oogGOIJdDNkwhCnw-IOErqviDedmV0G5lgbyHxihkwyn5f86wvg52W.jpg?r=b62
291,https://media-cldnry.s-nbcnews.com/image/upload/rockcms/2022-03/220302-pot-roast-mjf-1659-52d5c3.jpg
292,https://www.catdocmaine.com/uploads/SiteAssets/232/images/home-rotate/cat-veterinarian-care-portland.jpg
293,"https://images.immediate.co.uk/production/volatile/sites/4/2021/03/GettyImages-470640159-crop-832929a.jpg?quality=90&resize=768,574"
294,"https://images.immediate.co.uk/production/volatile/sites/4/2021/03/GettyImages-470640159-crop-832929a.jpg?quality=90&resize=768,574"
295,https://vetstreet.brightspotcdn.com/dims4/default/798e68d/2147483647/crop/0x0%2B0%2B0/resize/645x380/quality/90/?url=https%3A%2F%2Fvetstreet-brightspot.s3.amazonaws.com%2Fe7%2Ff4d770a33211e087a80050568d634f%2Ffile%2FPersian-1-645mk062211.jpg
296,https://cdn.abcotvs.com/dip/images/10730210_060121-wls-paws-chicago-kitten-adoption-5p-vid.jpg
297,https://live-production.wcms.abc-cdn.net.au/032069bd473311be97333af7bf15fcbd?impolicy=wcms_crop_resize&cropH=1701&cropW=3024&xPos=0&yPos=1166&width=862&height=485
298,https://img.republicworld.com/republic-prod/stories/promolarge/xhdpi/5lmlsxx4rxwvwzgm_1637163222.jpeg
299,https://cdn.theatlantic.com/thumbor/d_NLi03xlxJllzEaXKQfcLenM_8=/1120x0:5600x4480/1080x1080/media/img/mt/2021/05/GettyImages_1218380632/original.jpg
300,https://cfa.org/wp-content/uploads/2020/02/Banner1.jpg
301,https://www.purina.co.uk/sites/default/files/2020-12/Bathing-Cats-Everything-You-Need-to-KnowHERO.jpg
302,https://oldschool.runescape.wiki/images/thumb/Cat_%28grey_and_black%29.png/1200px-Cat_%28grey_and_black%29.png?ae447
303,http://www.loc.gov/static/managed-content/uploads/sites/16/2018/09/catLC.jpg
304,https://imagesvc.meredithcorp.io/v3/mm/image?url=https%3A%2F%2Fstatic.onecms.io%2Fwp-content%2Fuploads%2Fsites%2F37%2F2021%2F11%2F15%2Forange-cat-lounging-2000.jpg
305,https://d3544la1u8djza.cloudfront.net/APHI/Blog/2020/10-22/What+Is+a+Bombay+Cat+_+Get+to+Know+This+Stunning+Breed+_+ASPCA+Pet+Health+Insurance+_+close-up+of+a+Bombay+cat+with+gold+eyes-min.jpg
306,https://d3544la1u8djza.cloudfront.net/APHI/Blog/2020/10-22/What+Is+a+Bombay+Cat+_+Get+to+Know+This+Stunning+Breed+_+ASPCA+Pet+Health+Insurance+_+close-up+of+a+Bombay+cat+with+gold+eyes-min.jpg
307,https://www.history.com/.image/ar_16:9%2Cc_fill%2Ccs_srgb%2Cfl_progressive%2Cg_faces:center%2Cq_auto:good%2Cw_768/MTgzMjE4OTM2MDYwMzIzMjM0/tomb-cat-gettyimages-1184126743.jpg
308,https://www.thevetonfourth.com/wp-content/uploads/2019/12/cat-looking-up.jpg
309,https://kitcat.com.sg/wp-content/uploads/2020/07/Kit-Cat.png
310,https://s01.sgp1.cdn.digitaloceanspaces.com/article/51036-cwobnirfka-1580816618.jpeg
311,https://www.americanhumane.org/app/uploads/2016/08/shutterstock_659994934-1024x680.jpg
312,https://media.wired.com/photos/59324c6352d99d6b984dd8ee/master/pass/Grumpy_Kitty....jpg
313,https://news.mit.edu/sites/default/files/styles/news_article__image_gallery/public/images/201011/20101110140828-1_0.jpg?itok=U4kmo176
314,https://cattime.com/assets/uploads/gallery/bengal-cats/bengal-5.jpg
315,https://i.dailymail.co.uk/1s/2022/03/17/18/55486011-0-image-a-201_1647541594795.jpg
316,https://cdn.cnn.com/cnnnext/dam/assets/211230212630-cat-cafe-seoul-file-03312020-large-169.jpg
317,https://www.paws.org/wp-content/uploads/2019/10/Alphie_cat_29864612_101115_profile_MB-2-1024x583.jpg
318,https://telanganatoday.com/wp-content/uploads/2021/12/Cat-Show-Hyderabad.jpg
319,https://scanner.siwalusoftware.com/breed_images/cat/calico_cat/calico_cat.jpg
320,https://imagesvc.meredithcorp.io/v3/mm/image?url=https%3A%2F%2Fstatic.onecms.io%2Fwp-content%2Fuploads%2Fsites%2F34%2F2021%2F07%2F09%2Fannoyed-house-cat-couch-getty-0721-2000.jpg
321,https://i2.wp.com/media.globalnews.ca/videostatic/news/rvo54xr5rh-zwlzz3cioa/web_CAT_CAFE_BENEFITS__TUCKER_.jpg?w=1040&quality=70&strip=all
322,https://lh3.googleusercontent.com/EXGvfVeYGzgWPfKALmrfMJbIO-SBaLWUT8Y6kqRKU1LtVOcTIslGJS5pIpN1wnJzRbKzjxxXdSN17Pp2ucvDFSBV_g=w640-h400-e365-rj-sc0x00ffffff
323,https://static.toiimg.com/thumb/75153263/luxury-cat-hotel.jpg?width=1200&height=900
324,https://humanesocietytampa.org/wp-content/uploads/2020/09/HeaderImage_Adopt-WorkingCats.jpg
325,https://resc-files-prod.s3.us-west-1.amazonaws.com/s3fs-public/styles/large/public/2019-01/introducing-dogs-cats-resource_0.jpg?VersionId=unb3m7OtD6fYOlerSy9JslhSdzNtCfbs&itok=_pvDS_XH
326,https://img.webmd.com/dtmcms/live/webmd/consumer_assets/site_images/article_thumbnails/features/_2017/01_2017/happy_indoor_cats_features/1800x1200_happy_indoor_cats_features.jpg
327,https://images.hindustantimes.com/img/2022/02/09/1600x900/chef_cat_1644406489060_1644406507709.jpg
328,https://www.aspca.org/sites/default/files/field/image/article/cat_diy_enrichment_ideas_thumb.jpg
329,"https://img.poki.com/cdn-cgi/image/quality=78,width=600,height=600,fit=cover,f=auto/394ffd4865a7309244abc8cd943dad8e.png"
330,http://b50ym1n8ryw31pmkr4671ui1c64-wpengine.netdna-ssl.com/wp-content/blogs.dir/11/files/2017/09/Cat-with-Leash-620x413.jpg
331,https://s27142.pcdn.co/wp-content/uploads/2018/04/c-Juan-Reppucci-1.jpg
332,http://www.ilovelibraries.org/sites/default/files/librarycats_opengraph.png
333,https://www.pbs.org/wgbh/nova/media/images/are-cats-more-expressive-than-we-think-hero.width-2000.jpg
334,https://www.thesprucepets.com/thmb/FfEAaq_eXMxruRAZWVxooL2cWgU=/4749x4749/smart/filters:no_upscale()/how-is-a-cats-age-determined-554296-01-52252e4c987b4655a4bf14394757e54e.jpg
335,https://agriculture.vic.gov.au/__data/assets/image/0009/642429/AndrewCooke-FeralCat.jpeg
336,https://cdn.britannica.com/25/172925-050-DC7E2298/black-cat-back.jpg
337,https://c.files.bbci.co.uk/F00D/production/_121935416_d68a3cbd-75ac-4ac8-ab77-f663a5cf148f.jpg
338,https://c.files.bbci.co.uk/F00D/production/_121935416_d68a3cbd-75ac-4ac8-ab77-f663a5cf148f.jpg
339,"https://media.newyorker.com/photos/5e729bd7a4c643000873b08e/2:2/w_1400,h_1400,c_limit/Palumbo-CatQuarantine.jpg"
340,https://images.immediate.co.uk/production/volatile/sites/23/2019/01/Cat-c6f5a79.jpg?quality=90&resize=768%2C574
341,https://www.washingtonpost.com/resizer/6mYrByDbViVKRykmjxEm4QWiseI=/arc-anglerfish-washpost-prod-washpost/public/JO4YZGX4O5BE3JFO3FRSOMRFZU.jpg
342,https://cdn.shopify.com/s/files/1/0406/3264/7835/files/CH-logo-horizontal--COLOUR_white_bckgrn_2953x.gif?v=1611130752
343,https://images.theconversation.com/files/168121/original/file-20170505-1693-ymh4bc.jpg?ixlib=rb-1.1.0&q=45&auto=format&w=1200&h=900.0&fit=crop
344,https://www.cats.org.uk/media/3236/choosing-a-cat.jpg?width=400
345,https://images.ctfassets.net/pjshm78m9jt4/6LU8pkJjaDEZBnPdOwgAY5/df1dc98c5cb25c8efe0cc70e38fa7040/CATS_010721_PA.jpg
346,https://www.sciencenews.org/wp-content/uploads/2020/03/033120_HT_covid-cat_feat.jpg
347,https://cvillecatcare.com/wp-content/uploads/2018/07/cat-175997-300x200.jpg
348,https://abcbirds.org/wp-content/uploads/2015/03/cat-and-bird_Zanna-Holstova_SS.jpg
349,https://i0.wp.com/post.healthline.com/wp-content/uploads/2021/01/intimidating-cat-1296x728-header.jpg?w=1155&h=1528
350,https://cdn.pixabay.com/photo/2022/01/18/07/38/cat-6946505__340.jpg
351,https://i.guim.co.uk/img/media/e01ce2efabf7d6a8ba6f1f455434596de0b0b960/0_292_2394_1436/master/2394.jpg?width=1200&height=1200&quality=85&auto=format&fit=crop&s=f8d676b8436d15096234f21064bdd48d
352,https://static.scientificamerican.com/sciam/cache/file/3FC2F9E2-3EC1-46F3-B3E5566D0BB2C696_source.jpg
353,http://images.contentful.com/e43mbx7oxv8s/dTeQVZbR72uiYkEAYKyUS/bd3825a93aace2c7b368a7a742b1000f/000122_ZV_SCSW_HeroImages_1900x1024_D1.jpg
354,https://images.cnbctv18.com/wp-content/uploads/2022/03/Cat-Cafe-2.jpeg
355,https://marvel-b1-cdn.bc0a.com/f00000000052994/www.hillspet.com/content/dam/cp-sites/hills/hills-pet/en_us/exported/cat-care/routine-care/images/striped-tabby-nibbling-on-owners-finger.jpg
356,https://nationalzoo.si.edu/sites/default/files/animals/20110217-116mm.jpg
357,https://i.insider.com/5b05789b5e48ec1e008b457f?width=700
358,https://vcahospitals.com/-/media/2/VCA/Images/LifeLearn-Images-Foldered/303/Cat_Food.ashx
359,https://cdn.mos.cms.futurecdn.net/yzV5i2F35i9RozwSeFLPJV.jpg
360,https://cdn.custom-cursor.com/packs/3475/meme-pop-cat-pack.png
361,https://i.ytimg.com/vi/hhmKfpKM8bw/maxresdefault.jpg
362,https://www.goodnet.org/photos/620x0/32440_hd.jpg
363,https://idsb.tmgrup.com.tr/ly/uploads/images/2021/09/08/142775.jpg
364,https://lookaside.fbsbx.com/lookaside/crawler/media/?media_id=1614183255284072
365,https://www.durhamradionews.com/wp-content/uploads/pickering-abandoned-cat-2022-03-17-b-co-city-of-pickering.jpg
366,https://cdn.pixabay.com/photo/2020/03/23/08/45/cat-4959941__340.jpg
367,https://static01.nyt.com/images/2019/09/04/business/04chinaclone-01/merlin_160087014_de761d9a-4360-402d-a15b-ddeff775760d-superJumbo.jpg
368,https://cloudfront-us-east-2.images.arcpublishing.com/reuters/7GX7UW76GVMW3AZ3AUP7ETSJLU.jpg
369,https://i2-prod.belfastlive.co.uk/incoming/article19361612.ece/ALTERNATES/s615/0_JS223896305.jpg
370,https://emojipedia-us.s3.amazonaws.com/social/emoji/cat-face.png
371,https://static.onecms.io/wp-content/uploads/sites/47/2022/01/06/classic-tabby-1312010933-2000.jpg
372,https://abcbirds.org/wp-content/uploads/bfi_thumb/PR-photo_Cat-with-bird_Vishnevskiy-Vasily_Shutterstock-1-002-3d4bks8i8tbs1ljdetjgne.jpg
373,https://www.petmd.com/sites/default/files/finding-lost-cat.jpg
374,"https://img.poki.com/cdn-cgi/image/quality=78,width=314,height=314,fit=cover,f=auto/5a128d5d8fd485e6cd4427b2ad3cf9bd.png"
375,https://wgme.com/resources/media/c2fe8951-a2e5-4e90-bfe6-e709dc0f70ed-medium16x9_ashes2.jpg?1644461554342
376,https://www.cdc.gov/flu/images/other/flu-in-cats-other-tp4.jpg?_=95492
377,https://cattime.com/assets/uploads/2011/12/file_2706_bengal-cat-breed-picture.jpg
378,http://www.alleycat.org/wp-content/uploads/2015/04/Stray_Feral_Body_Language_Image.png
379,https://m.media-amazon.com/images/M/MV5BYzVhMjAyZGItMWIwYy00YzM5LWE3ZTMtNjk4Yjk5ZmUxZjgyXkEyXkFqcGdeQXVyODkzNTgxMDg@._V1_.jpg
380,https://cdn.theatlantic.com/thumbor/W9n3Zt8pjNjB0G6N0tOcClvorU8=/0x0:1900x1069/960x540/media/img/mt/2021/07/CatPeople_Season1_Episode1_00_18_08_14/original.jpg
381,https://www.cats.org.uk/media/2297/tabby-cat-looking-up.jpg?width=1600
382,https://assets.publishing.service.gov.uk/government/uploads/system/uploads/image_data/file/137286/s960_Untitled_design__15_.png
383,https://images.indianexpress.com/2021/11/find-the-cat-puzzle.jpg
384,https://live-production.wcms.abc-cdn.net.au/e91a94cb36419ab95e5447cd48b1bcd6?impolicy=wcms_crop_resize&cropH=1194&cropW=2123&xPos=0&yPos=0&width=862&height=485
385,https://image.shutterstock.com/image-photo/group-cats-different-breeds-sitting-260nw-602702633.jpg
386,https://d3544la1u8djza.cloudfront.net/APHI/Blog/2021/07-29/calico+Aegean+cat+with+green+eyes-min.jpg
387,https://www.gannett-cdn.com/presto/2021/10/14/PDTF/68fb894a-df5e-49f9-a27f-69f47d709d6a-AfricanCat_101421_04_MW.jpeg
388,https://images.unsplash.com/photo-1612532275214-e4ca76d0e4d1?ixlib=rb-1.2.1&ixid=MnwxMjA3fDB8MHxzZWFyY2h8OXx8Y2F0JTIwYW5kJTIwZG9nfGVufDB8fDB8fA%3D%3D&w=1000&q=80
389,https://th-thumbnailer.cdn-si-edu.com/ZUkkPQdCmXn_G3CTIxDD2-G0K0c=/fit-in/1072x0/filters:focal(1782x1645:1783x1646)/https://tf-cmsv2-smithsonianmag-media.s3.amazonaws.com/filer/9d/e2/9de20442-cd60-48c0-8f8f-5e816b374c04/parisian_lady_ch_5.jpg
390,https://catfriendly.com/wp-content/uploads/2019/09/brush-teeth.jpg
391,https://www.purina.co.nz/sites/default/files/2020-12/14-Fun-Facts-about-CatsHERO_0.jpg
392,https://cdn.cnn.com/cnnnext/dam/assets/210209142225-cat-lawyer-01-exlarge-169.jpg
393,https://i.ytimg.com/vi/jHWKtQHXVJg/maxresdefault.jpg
394,https://d17fnq9dkz9hgj.cloudfront.net/breed-uploads/2021/01/PF_TabbyCatBreedGuide_637x260.jpg?bust=1611696078
395,https://oldschool.runescape.wiki/images/thumb/Cat.gif/250px-Cat.gif?ff5b0
396,https://vetmed.tamu.edu/news/wp-content/uploads/sites/9/2019/01/pettalk011719_450x300.jpg
397,https://imagesvc.meredithcorp.io/v3/mm/image?url=https%3A%2F%2Fstatic.onecms.io%2Fwp-content%2Fuploads%2Fsites%2F37%2F2021%2F08%2F27%2Fwhite-cat-on-stairs.jpg
398,https://images.ctfassets.net/440y9b545yd9/4DjKhQ39IIQafscv4V4vEV/12d3ef29f97f4a8b9d5eb086c24c2122/vet-helpline.png
399,https://cdn.vox-cdn.com/thumbor/3GvnfOvGZB3paInd57sdlY1Hvu8=/0x0:1006x1014/1200x0/filters:focal(0x0:1006x1014):no_upscale()/cdn.vox-cdn.com/uploads/chorus_asset/file/22438217/Screen_Shot_2021_04_12_at_8.16.17_AM.png
400,https://images.hindustantimes.com/rf/image_size_630x354/HT/p2/2019/08/08/Pictures/_6bda0940-b9ad-11e9-98cb-e738ad509720.jpg
401,https://icatcare.org/app/uploads/2018/07/Cat-birth.png
402,"https://images.news18.com/ibnlive/uploads/2021/04/1619446391_untitled-design-9.jpg?im=FitAndFill,width=1200,height=900"
403,https://i.kym-cdn.com/entries/icons/original/000/035/692/cover1.jpg
404,https://www.aspca.org/sites/default/files/common-cat-behavior-issues_facebook.jpg
405,"https://www.thesprucepets.com/thmb/lzl5hkutYbtUCPn2h3QpjeSNju8=/3000x1999/filters:fill(auto,1)/tortoiseshell-cat-profile-554703-hero-d3b7f76b15004a55bbd3e1530a3da342.jpg"
406,https://upload.wikimedia.org/wikipedia/commons/e/ee/Grumpy_Cat_by_Gage_Skidmore.jpg
407,https://i.dailymail.co.uk/1s/2022/02/03/09/53719471-10471723-The_loving_owner_who_has_four_cats_in_total_said_people_have_moc-m-10_1643878829008.jpg
408,"https://media.newyorker.com/photos/5ab95b9e8d2914101d1816ee/2:2/w_1078,h_1078,c_limit/Obsessions-How-Cats-Tamed-Us.jpg"
409,https://uk.catinaflat.com/static/imgs/header-v2-308a3b92.jpg
410,https://upload.wikimedia.org/wikipedia/commons/thumb/1/14/Gatto_europeo4.jpg/250px-Gatto_europeo4.jpg
411,https://ichef.bbci.co.uk/news/640/cpsprodpb/41CF/production/_109474861_angrycat-index-getty3-3.jpg
412,"https://images.immediate.co.uk/production/volatile/sites/4/2021/02/why-do-cats-purr-3c204dc.jpg?quality=90&resize=620,413"
413,https://media11.s-nbcnews.com/i/MSNBC/Components/Video/201904/d_mach_cats_1904170.jpg
414,https://img.republicworld.com/republic-prod/stories/promolarge/xhdpi/dsjiihqf5pxwbjcg_1626864877.jpeg
415,https://cdn.britannica.com/68/160068-050-53FE2889/Snowshoe-cat.jpg?q=60
416,https://static.scientificamerican.com/sciam/cache/file/8DFDA9B6-210A-4CC3-BDD7506070741C12.jpg
417,https://dictionary.cambridge.org/images/thumb/cat_noun_001_02368.jpg?version=5.0.225
418,https://lh3.googleusercontent.com/yQ9vs4enQ81_Qe0QYWXzyKqajtwtis6vfFgEWWmH8vqaOD2N6xTPfTExskhRX_bOmyoW34iRW5JZBrE8bvJubowxBg=w640-h400-e365-rj-sc0x00ffffff
419,https://i.insider.com/5e2ef209ab49fd373f6ba714?width=1136&format=jpeg
420,https://static01.nyt.com/images/2019/10/01/science/00SCI-CATS1/00SCI-CATS1-facebookJumbo.jpg?year=2019&h=549&w=1050&s=a12758d1b750010957f6d8dcafd0fb707ac2f98675c4cd264adc01b93205d41e&k=ZQJBKqZ0VN
421,https://imagesvc.meredithcorp.io/v3/mm/image?url=https%3A%2F%2Fstatic.onecms.io%2Fwp-content%2Fuploads%2Fsites%2F47%2F2020%2F06%2F26%2Forange-kitten-955480082-2000.jpg
422,https://cloudfront-us-east-2.images.arcpublishing.com/reuters/6UELJ742WJNALLWPMUKWQ5JBFI.jpg
423,https://www.loc.gov/static/managed-content/uploads/sites/16/2018/09/cat_popcorn.jpg
424,https://i.guim.co.uk/img/media/c9b0aad22638133aa06cd68347bed2390b555e63/0_477_2945_1767/master/2945.jpg?width=1200&height=1200&quality=85&auto=format&fit=crop&s=97bf92d90f51da7067d00f8156512925
425,https://d3544la1u8djza.cloudfront.net/APHI/Blog/2021/04-19/brown+and+white+tabby+cat+licking+his+paw-min.jpg
426,https://d3544la1u8djza.cloudfront.net/APHI/Blog/2021/04-19/brown+and+white+tabby+cat+licking+his+paw-min.jpg
427,https://lookaside.fbsbx.com/lookaside/crawler/media/?media_id=4803127936389572
428,https://cdn.pixabay.com/photo/2019/08/05/11/11/cat-4385786_1280.jpg
429,https://cdn.cnn.com/cnnnext/dam/assets/190517103414-01-grumpy-cat-file-restricted.jpg
430,https://www.goodnet.org/photos/620x0/32443_hd.jpg
431,https://d17fnq9dkz9hgj.cloudfront.net/breed-uploads/2018/08/burmese-card-medium.jpg?bust=1535569899
432,https://images.theconversation.com/files/443367/original/file-20220131-27-24c657.jpg?ixlib=rb-1.1.0&q=45&auto=format&w=1000&fit=clip
433,https://cdn.theatlantic.com/thumbor/d8lh_KAZuOgBYslMOP4T0iu9Fks=/0x62:2000x1187/1600x900/media/img/mt/2018/03/AP_325360162607/original.jpg
434,https://m.media-amazon.com/images/M/MV5BZDQxMDU0NjgtYjI5Zi00MjgyLTkyMDQtYjYyOWIzZDJjOTlkXkEyXkFqcGdeQXVyNzU1NzE3NTg@._V1_.jpg
435,https://i.natgeofe.com/n/602bcee6-851f-40df-8415-4c5679378012/01-domestic-cat-history_2x3.jpg
436,https://i.ytimg.com/vi/ByH9LuSILxU/maxresdefault.jpg
437,http://www.alleycat.org/wp-content/uploads/2015/04/Stray_Feral_Fear_Anxiety.png
438,https://images.indianexpress.com/2022/01/Cat_and_dog_standoff_3926784260-Wikimedia-Commons.jpg
439,https://images.ctfassets.net/440y9b545yd9/1s0YfUZXrMcxbw8BfmCpAv/ec806a04d5caa4f870d0f2feba8dbd9d/cat-insurance.jpg
440,https://th-thumbnailer.cdn-si-edu.com/0kwEU0Ok80WPzlpfdkZ7-TxI7I8=/1000x750/filters:no_upscale():focal(700x633:701x634)/https://tf-cmsv2-smithsonianmag-media.s3.amazonaws.com/filer_public/c8/9f/c89f5083-bf84-4a2e-87cd-0ec928adaa17/white-house-cats2.jpg
441,https://image.shutterstock.com/image-vector/cute-grey-cat-cartoon-260nw-1044708187.jpg
442,https://icatcare.org/app/uploads/2018/07/Neutering-your-cat-1.png
443,"https://media.wired.com/photos/59324c6552d99d6b984dd8f0/master/w_2592,h_3872,c_limit/WhfPallasCat.jpg"
444,https://ichef.bbci.co.uk/news/640/cpsprodpb/51F3/production/_106997902_gettyimages-611696954.jpg
445,https://live-production.wcms.abc-cdn.net.au/2b703e5f05c0e9fbcc7cd4627a06201e?impolicy=wcms_crop_resize&cropH=675&cropW=1013&xPos=94&yPos=0&width=862&height=575
446,https://images.unsplash.com/photo-1606208427954-aa8319c4815e?ixlib=rb-1.2.1&ixid=MnwxMjA3fDB8MHxzZWFyY2h8MXx8d2hpdGUlMjBjYXR8ZW58MHx8MHx8&w=1000&q=80
447,https://upload.wikimedia.org/wikipedia/en/thumb/7/70/Norwegian_Forest_Cat_in_snow_%28closeup%29_%28cropped%29.jpg/1200px-Norwegian_Forest_Cat_in_snow_%28closeup%29_%28cropped%29.jpg
448,https://www.purina.com/sites/g/files/auxxlc196/files/styles/social_share_large/public/10-facts-about-cats_500x300.jpg?itok=LNrDGbec
449,https://images.hindustantimes.com/img/2021/07/01/1600x900/kits_1625158314937_1625158325650.png
450,https://www.thesprucepets.com/thmb/KajBQBoVh7ufdWXMWubNwKqs_Y0=/5132x5132/smart/filters:no_upscale()/facts-about-black-cats-554102-hero-7281a22d75584d448290c359780c2ead.jpg
451,https://static01.nyt.com/images/2022/03/20/magazine/20lor/20lor-mediumSquareAt3X.jpg
452,https://cdn.britannica.com/92/181392-050-08187DB5/cat-British-Shorthair-grey.jpg
453,https://i.guim.co.uk/img/media/e04ccc0747c94fba7a63bb1a8f86427a78029ff8/0_218_2842_1706/master/2842.jpg?width=480&quality=45&auto=format&fit=max&dpr=2&s=78728220793249d3f6fc07e0a63ab582
454,"https://media-cldnry.s-nbcnews.com/image/upload/t_focal-760x428,f_auto,q_auto:best/mpx/2704722219/2022_03/1646438544893_now_dayside_potroast_mom_220304_1920x1080-w9sx4b.jpg"
455,"https://dynaimage.cdn.cnn.com/cnn/c_fill,g_auto,w_1200,h_675,ar_16:9/https%3A%2F%2Fcdn.cnn.com%2Fcnnnext%2Fdam%2Fassets%2F220217095450-jorts-the-cat.jpg"
456,https://d3544la1u8djza.cloudfront.net/APHI/Blog/2021/05-20/American+curl+cat+being+held+by+a+woman+in+a+green+sweater-min.jpg
457,https://fs-prod-cdn.nintendo-europe.com/media/images/10_share_images/games_15/nintendo_switch_download_software_1/H2x1_NSwitchDS_Cat_image1600w.jpg
458,https://i.ytimg.com/vi/BTkBVNMD-VY/maxresdefault.jpg
459,https://lh3.googleusercontent.com/GezP5_0gEdPqOeat9AOiimDfpboI9BactEOg1QNP4Go2oTLdpQu2nK2eUbHiDjsYsL2fyNeNEEURjwZx6jmmb43InnM=w640-h400-e365-rj-sc0x00ffffff
460,https://www.petfinder.com/sites/default/files/styles/hero_image_1438_410/public/images/content/1440%20hero%20image_0.jpg?itok=vBK-eULc
461,https://i.natgeofe.com/n/e1d7401a-097c-49e4-bd35-c4125457ad9b/86636_4x3.jpg
462,https://images.theconversation.com/files/443369/original/file-20220131-21-riq2l1.jpg?ixlib=rb-1.1.0&q=45&auto=format&w=1000&fit=clip
463,https://ichef.bbci.co.uk/news/976/cpsprodpb/8394/production/_122748633_77c9fb47-9c19-4272-9f61-66143e0b48be.jpg
464,https://th-thumbnailer.cdn-si-edu.com/rauYYlATNL3TIBEKNtCccEmHA5U=/fit-in/1072x0/https://tf-cmsv2-smithsonianmag-media.s3.amazonaws.com/filer/33/e5/33e52dd8-7eb7-4fc0-aa69-90a0c84356e4/old_time_army_cat_ch_6.jpg
465,https://images.unsplash.com/photo-1622015681719-9783953d5305?ixlib=rb-1.2.1&ixid=MnwxMjA3fDB8MHxzZWFyY2h8OXx8Y2F0JTIwZmFjZXxlbnwwfHwwfHw%3D&w=1000&q=80
466,https://image.shutterstock.com/image-photo/beautiful-feline-cat-home-domestic-260nw-1117114010.jpg
467,https://icatcare.org/app/uploads/2019/01/behaviour-hunting.png
468,https://lookaside.fbsbx.com/lookaside/crawler/media/?media_id=4700947816607585
469,https://www.thesprucepets.com/thmb/AeoBg-0snIts36urazoIa3jTzgg=/1885x1414/smart/filters:no_upscale()/cute-balinese-cat-in-basket-at-home--top-view--fluffy-pet-1289382619-4019e725b10e4613bbba5b1058a76ec4.jpg
470,https://upload.wikimedia.org/wikipedia/commons/3/39/Feral_cat_1.JPG
471,https://static01.nyt.com/images/2021/12/12/magazine/12mag-LOR-1/12mag-LOR-1-superJumbo.jpg
472,https://media-cldnry.s-nbcnews.com/image/upload/rockcms/2022-03/220303-cats-moscow-jm-1354-c7557c.jpg
473,https://i.guim.co.uk/img/media/a18cc41136685daa92674c01fe13d62d9d009f2f/0_298_5616_3370/master/5616.jpg?width=1200&height=900&quality=85&auto=format&fit=crop&s=fe80fab807de1b6a966053f7ac5f5a08
474,"https://dynaimage.cdn.cnn.com/cnn/c_fill,g_auto,w_1200,h_675,ar_16:9/https%3A%2F%2Fcdn.cnn.com%2Fcnnnext%2Fdam%2Fassets%2F210818182352-01-cats-kneading-stock.jpg"
475,https://cdn.theatlantic.com/thumbor/JBVmm76LUV8RD7qfAABhWrpEy2g=/0x104:2000x1229/1600x900/media/img/2016/10/Catlanticfinal2000px1500-2/original.jpg
476,https://i.ytimg.com/vi/76Bm8W6W3Oo/maxresdefault.jpg
477,https://cdn.britannica.com/92/105092-050-C7081CBD/Abyssinian-cat-Egypt.jpg?q=60
478,https://d17fnq9dkz9hgj.cloudfront.net/breed-uploads/2018/08/munchkin-card-medium.jpg?bust=1535569700
479,https://i.natgeofe.com/n/840631f5-a92c-46d2-ad24-6e8601b0e427/58818.jpg?w=636&h=409
480,https://c.files.bbci.co.uk/151AB/production/_111434468_gettyimages-1143489763.jpg
481,https://th-thumbnailer.cdn-si-edu.com/K2pK-sQncXKWEllfY9kacrEhyME=/fit-in/1600x0/https://tf-cmsv2-smithsonianmag-media.s3.amazonaws.com/filer/20110913074012glowing_cat_web.jpg
482,https://lh3.googleusercontent.com/kU1dgUjAYxn5vJB8mOGDD_ViOs4gFDKfG0-PvHMryf4AJ6i0q_0-vKF8apQp99p6eaXt5Sx577NXZ1kdvtsXViOZlA=w640-h400-e365-rj-sc0x00ffffff
483,https://media.istockphoto.com/photos/grey-stripped-mixedbreed-cat-sitting-isolated-on-white-picture-id1217828258?b=1&k=20&m=1217828258&s=170667a&w=0&h=jVuou3wnJ1x7eLf0iWS53BvA5ZOyROTBfiTM3tPhD4g=
484,https://www.thesprucepets.com/thmb/U2fTE7N1GMlLwqz8JZfUC1zZ8SY=/3528x3528/smart/filters:no_upscale()/why-do-cats-fart-554763-hero-cb55f9f38b104a46bc6f10749920265c.jpg
485,https://image.shutterstock.com/image-photo/portrait-gray-tabby-cat-on-260nw-1180312252.jpg
486,https://upload.wikimedia.org/wikipedia/commons/thumb/d/d6/Chairman_Meow_Bao.jpg/1200px-Chairman_Meow_Bao.jpg
487,https://i.guim.co.uk/img/media/8f3a8ada36ac29ebe3ea48c5a15b1011367a4b88/0_1347_2848_1707/master/2848.jpg?width=1200&height=1200&quality=85&auto=format&fit=crop&s=85c6ae7f192ba52424045118356548ab
488,https://static01.nyt.com/images/2021/08/29/opinion/27Manjoo/27Manjoo-superJumbo.jpg
489,https://cdn.britannica.com/47/168047-050-874ABD37/cat-hair-growl-teeth-snarl.jpg?q=60
490,https://i.ytimg.com/vi/-8JQB_wXjmk/maxresdefault.jpg
491,https://d17fnq9dkz9hgj.cloudfront.net/breed-uploads/2018/08/Elf-Cat_01.jpg?bust=1538073576
492,https://lookaside.fbsbx.com/lookaside/crawler/media/?media_id=204202991072917
493,https://ichef.bbci.co.uk/news/976/cpsprodpb/A63A/production/_120645524_jersey_missing_cat_alfie_shelley_brockbank_comp_976.jpg
494,https://media.istockphoto.com/photos/ginger-cat-picture-id1073475928?b=1&k=20&m=1073475928&s=170667a&w=0&h=8PaBZD3qDo2hac1kaKFUzVBePt8ckuiWP1BIT_xL_zo=
495,https://i.natgeofe.com/n/8071137b-2890-4ded-8420-41e3485b1eb9/domestic-cat.jpg
496,https://lh3.googleusercontent.com/ajq0W-jpoSEuOOD6XWQQHxQARrHvSQNMpyCd4ct8-lJgTf69nwj8jxV3niH4nDnm2iSn6MC_zXPyAGWBgLCgAMSVwiI=w640-h400-e365-rj-sc0x00ffffff
497,https://www.thesprucepets.com/thmb/RB78GXlvzhXAnt4o46OFZIIhaqY=/4185x4185/smart/filters:no_upscale()/all-about-tabby-cats-4145476-hero-d6eb349cbacb4c7193007b49ead874ff.jpg
498,https://upload.wikimedia.org/wikipedia/commons/1/15/White_Persian_Cat.jpg
499,https://image.shutterstock.com/image-photo/cat-looks-side-sits-on-260nw-1834094695.jpg
500,https://i.guim.co.uk/img/media/fd4453334e37b51bd753657d633b3d9aa50f3eaa/0_4868_10652_6392/master/10652.jpg?width=465&quality=45&auto=format&fit=max&dpr=2&s=7fa5316f47b83076ce519aa9e409397c
501,https://cdn.britannica.com/04/148204-050-C1EEF14A/breed-Scottish-trait-cat-mutation-ears-ear.jpg?q=60
502,https://static01.nyt.com/images/2021/11/23/business/00cutecats-disinfo-promo/00cutecats-disinfo-promo-videoSixteenByNineJumbo1600.png
503,https://cdn.cnn.com/cnnnext/dam/assets/220128050053-02-white-house-cat-large-169.jpeg
504,https://i.ytimg.com/vi/cbP2N1BQdYc/maxresdefault.jpg
505,https://d17fnq9dkz9hgj.cloudfront.net/breed-uploads/2018/08/persian-card-medium.jpg?bust=1535569634
506,https://ychef.files.bbci.co.uk/976x549/p06f23lk.jpg
507,https://media.istockphoto.com/photos/bigeyed-naughty-obese-cat-behind-the-desk-with-red-hat-grey-color-picture-id1199279669?b=1&k=20&m=1199279669&s=170667a&w=0&h=munUsqGIlDAmKK0ouS12nHCuzDdoDfvNalw_hHvh6Ls=
